Track ID,Entry time,Exit Time,Movement Tracks
11,2024-04-21 14:16:54.317331,2024-04-21 14:16:57.004272,1517,420,1494,430,1485,430
3,2024-04-21 14:16:51.374526,2024-04-21 14:16:57.887499,1664,432,1663,433,1668,434,1667,435,1665,433,1670,433,1666,433,1666,430,1663,427,1663,430,1645,437,1639,439,1639,440,1629,445,1640,440,1630,441
10,2024-04-21 14:16:53.868779,2024-04-21 14:16:58.897639,1375,680,1391,684,1387,688,1358,685,1367,685,1358,675,1360,648
6,2024-04-21 14:16:52.245329,2024-04-21 14:16:59.480462,550,644,551,641,545,644,615,643,549,635,548,636,546,641,543,641,548,643,547,642,545,641,553,638,543,640,543,643,550,644,548,644,560,643
1,2024-04-21 14:16:51.374526,2024-04-21 14:16:59.923065,275,656,273,655,270,656,268,654,270,657,270,655,266,652,271,653,265,654,267,650,269,652,268,654,254,654,262,654,252,656,253,657,257,656,248,655,255,656,253,656,259,657,266,656,254,656,257,657,255,678,251,675,249,656,262,675,188,647
16,2024-04-21 14:16:58.307890,2024-04-21 14:17:01.990993,948,585,940,633,951,673,958,656,921,674,950,655,923,679,920,677,926,680
14,2024-04-21 14:16:57.004272,2024-04-21 14:17:08.433880,1642,439,1662,439,1668,438,1676,440,1678,439,1666,439,1654,440,1649,440,1652,441,1647,440,1646,441,1649,441,1649,441,1644,441,1646,441,1649,440,1660,439,1677,438,1663,436
33,2024-04-21 14:17:18.835520,2024-04-21 14:17:21.540470,1664,440,1658,438,1664,434
41,2024-04-21 14:17:24.487967,2024-04-21 14:17:28.366394,1668,440,1670,440,1670,439,1670,440,1659,439
47,2024-04-21 14:17:33.365436,2024-04-21 14:17:35.994685,1372,689,1374,688,1373,686
56,2024-04-21 14:17:49.215263,2024-04-21 14:17:53.731791,1143,462,1146,461,1158,464,1191,461,1217,463,1231,459,1346,471
20,2024-04-21 14:17:01.079361,2024-04-21 14:18:01.724556,553,618,538,635,548,637,547,635,549,635,558,640,554,643,557,643,557,644,559,644,558,641,552,644,560,645,568,643,566,643,568,640,564,644,563,643,556,642,536,685,531,689,555,642,544,688,559,643,544,685,541,687,556,636,550,621,538,648,535,684,535,684,541,649,532,686,533,684,532,684,544,644,539,648,542,644,538,646,532,685,540,644,537,649,536,646,538,646,536,645,537,645,540,643,533,646,537,645,545,650,539,644,546,647,531,688,535,644,543,636,534,642,530,643,539,636,534,636,533,644,534,684,533,645,544,647,543,647,556,649,550,651,550,648,550,649,536,683,540,652,553,648,560,649,578,620,578,618,578,625,577,622,576,621,580,621,579,618,579,621,562,648,563,645,562,645,570,619,551,646,552,649,551,648,551,645,557,647,570,619,561,647,554,648,535,681,539,682,541,681,535,681,548,645,536,684,551,643,545,644,552,646,553,645,545,638,543,640,541,643,546,642,547,643,545,644,542,644,557,646,562,641,566,638,564,643,549,645,558,644,549,642,553,643,548,643,550,645,545,646,535,683,547,643,551,645,548,644,553,649,538,683,534,683,542,646,550,644,538,685,550,646,537,686,549,647,551,640,554,644,550,643,545,645,552,645,545,646,556,643,549,645,536,684,549,646,545,645,548,644,547,644,540,650,552,642,537,680,553,645,545,645,548,646,544,647,554,647,535,685,535,681,555,649,547,648,550,646,545,645,550,642,549,644,536,682,548,642,551,647,548,645,538,683,549,644,547,646,536,685,552,644,547,648,554,645,550,646,551,645,558,646,559,644,556,643,555,644,539,645,536,684,538,648,538,650,536,651,536,648,545,647,542,646,540,646,536,648,535,648,539,647,539,645,537,650,537,647,545,649,540,647,539,645,541,647,537,648,545,645,537,649,545,648,537,649,545,649,537,646,545,646,546,646,542,645,543,647,540,646,537,648,546,646,547,647,545,648,548,646,559,643,556,647,558,645,563,640,556,644,561,644,538,680,557,641,557,641,553,641,545,645,543,646,543,649,545,645,547,646,549,642,543,643,547,646,542,646,546,645,502,643,547,645,560,638,552,643,558,644,555,645
64,2024-04-21 14:17:58.370588,2024-04-21 14:18:04.454035,1667,433,1667,433,1666,431,1664,434,1663,435,1662,434,1664,434,1663,435,1660,435,1659,435,1660,436,1659,436,1658,436,1658,437,1659,437,1659,435
13,2024-04-21 14:16:55.032392,2024-04-21 14:18:09.344598,1266,596,1267,595,1266,598,1269,589,1277,596,1274,596,1264,592,1231,590,1228,590,1230,586,1230,584,1225,585,1230,587,1228,584,1228,585,1230,585,1225,584,1224,585,1230,586,1228,587,1228,592,1266,595,1267,586,1267,591,1264,591,1265,591,1264,595,1262,592,1266,593,1269,592,1266,591,1267,593,1265,590,1266,592,1264,593,1263,594,1265,595,1264,594,1246,589,1263,594,1247,587,1246,590,1247,591,1262,595,1248,590,1262,597,1264,596,1270,596,1271,595,1270,594,1271,592,1267,595,1270,595,1268,597,1266,597,1248,591,1262,596,1266,595,1264,593,1248,587,1265,595,1265,593,1267,593,1267,592,1265,592,1265,594,1268,594,1267,592,1265,593,1265,595,1265,594,1264,596,1243,591,1233,594,1236,595,1234,597,1226,596,1241,600,1244,598,1246,599,1242,596,1241,596,1235,594,1243,595,1242,595,1245,596,1263,594,1239,583,1236,588,1240,591,1238,599,1241,603,1245,622,1279,600,1224,595,1221,589,1221,590,1224,591,1269,595,1279,639,1273,594,1269,595,1265,595,1268,596,1265,596,1267,592,1269,595,1268,596,1266,597,1265,598,1265,596,1263,598,1263,598,1263,597,1263,597,1264,597,1265,598,1263,598,1265,597,1269,595,1270,596,1265,596,1265,597,1264,598,1271,591,1266,600,1268,599,1271,597,1270,596,1271,594,1268,594,1267,594,1265,595,1264,594,1247,588,1248,586,1247,591,1247,592,1248,591,1247,594,1246,593,1247,594,1248,594,1248,593,1247,594,1247,591,1248,594,1248,592,1248,589,1246,592,1246,592,1245,589,1246,587,1246,593,1246,594,1246,593,1247,595,1246,595,1246,595,1247,593,1249,592,1249,589,1248,593,1248,593,1248,594,1248,593,1249,592,1248,593,1249,592,1249,592,1247,592,1247,593,1246,591,1245,590,1247,590,1246,590,1247,590,1246,589,1240,594,1243,595,1246,593,1244,589,1241,589,1241,590,1247,592,1272,637,1299,679,1300,678,1299,679,1301,677,1299,682,1303,681,1299,650,1307,643,1302,684,1299,654,1299,650,1298,654,1303,678,1300,654,1304,676,1304,677,1303,679,1301,680,1298,680,1296,679,1301,678,1299,679,1300,677,1298,680,1298,676,1304,678,1301,681,1296,654,1272,640,1270,637,1297,682,1285,679,1296,681,1297,679,1281,679,1286,681,1302,681,1283,679,1300,682,1299,681,1299,679,1286,679,1279,652,1266,676,1267,678,1275,677,1266,676,1289,652,1283,652,1282,678,1300,681,1287,679,1284,678,1280,677,1299,682,1303,683,1298,681,1290,680,1303,678,1286,679,1299,684,1298,682,1298,682,1278,628,1275,634,1280,638,1294,683,1303,683,1296,680,1287,680,1302,683,1292,687,1307,683,1303,684,1300,682,1289,652,1282,653,1271,677,1274,675,1275,676,1268,677
72,2024-04-21 14:18:07.252649,2024-04-21 14:18:11.505385,1660,433,1647,430,1648,428,1650,429,1630,436,1630,434,1629,433,1633,431,1637,429
2,2024-04-21 14:16:51.374526,2024-04-21 14:18:21.533855,1105,854,1105,848,1105,908,1104,851,1101,850,1102,847,1102,846,1103,847,1104,848,1100,847,1100,849,1102,849,1102,909,970,845,1092,851,1103,907,1094,848,1096,851,1093,858,1106,907,1108,908,1101,908,960,913,1104,907,959,910,1108,912,1105,915,810,914,814,920,1100,922,803,839,1098,855,1105,865,1102,849,1104,850,960,909,1111,911,1114,914,1120,912,1116,917,1117,921,1110,911,1112,913,1111,916,1112,912,1107,909,1101,847,1119,910,1117,913,1116,912,1115,914,1114,913,1114,916,1113,911,1115,913,1113,915,1114,917,1112,910,1107,912,1109,910,1112,917,1107,915,1112,916,1111,915,1116,912,1112,909,1111,918,1116,920,1103,917,1108,905,961,909,1111,912,1111,851,1116,908,1107,853,1114,911,1111,914,1105,916,1107,911,1110,855,1107,852,1111,909,958,911,1107,910,1105,911,1107,910,1104,854,1102,857,1103,856,1102,855,1104,854,1103,851,1105,852,1102,855,1104,850,1102,920,1102,854,1103,854,1112,919,1116,914,1107,915,1108,910,1107,909,1103,860,1103,864,1109,919,1111,918,1097,859,1098,859,1112,912,1102,861,1104,912,1097,853,1111,918,1103,913,1108,912,1103,856,1102,859,1111,911,1115,916,1116,912,1115,915,1108,921,1106,918,1112,917,1114,918,1106,918,1112,918,1112,918,1110,909,1114,912,1116,914,1114,912,1114,915,1112,915,1110,918,1245,932,1244,934,1114,914,1246,929,1115,910,1110,909,1097,858,1101,854,1105,854,1116,915,956,919,1114,914,1116,916,1111,912,1118,918,1101,851,1112,915,1101,850,1111,910,961,912,958,916,1098,843,1113,915,1108,918,1110,913,1105,909,1112,914,1109,905,1113,911,955,916,1118,915,1115,914,1111,916,1110,917,1100,849,1107,910,1112,913,1112,917,1119,920,1115,917,1118,914,1111,918,1114,918,1101,851,1114,916,1117,913,1112,922,1115,918,1115,919,1113,915,1112,915,1111,915,1113,918,1115,919,1114,917,1111,926,1113,923,1114,921,1116,918,1111,919,1115,915,1113,918,1113,915,1111,915,1116,920,1116,919,1116,917,1116,918,1111,918,1115,918,1116,916,1114,918,1119,918,1105,854,1116,913,1113,922,1113,916,1116,915,1112,915,1114,917,1112,911,1112,918,1114,919,1112,916,1113,916,1113,918,1112,917,1112,918,1114,920,1112,917,1112,919,1112,919,1112,918,1111,916,1113,916,1112,916,1101,855,1114,920,1113,915,1111,916,1109,916,1115,920,1113,919,1117,923,1115,919,1109,921,1114,919,1116,923,1111,922,1113,921,1098,853,1113,923,1241,932,1112,918,1112,920,1112,918,1113,914,1117,920,1111,920,1108,919,1111,921,1109,923,1110,920,1111,919,1101,851,1113,918,1102,852,1100,851,1113,922,1116,924,1118,922,1116,919,1115,918,1113,923,1113,925,1116,927,1119,927,1240,939,1115,921,1107,855,812,916,812,919,1113,918,1114,923,1113,923,1113,922,1109,921,1110,921,1115,917,1119,914,1107,917,1112,917,1110,916,1107,914,809,917,1112,922,1112,912,1116,912,1113,917,1111,920,1111,925,1116,922,1112,918,1115,923,1108,921,1113,922,1113,917,1117,918,1119,922,1112,921,1112,920,1115,920,1113,919,1112,911,959,910,820,922,1105,905,958,908,958,905,1106,909,1105,909,1105,917,1106,926,1110,921,1108,908,1109,909,1110,910,1102,914,1105,913,1105,915,1107,916,1105,911,1104,912,1106,912,1109,916,1104,917,1100,917,1107,917,1104,918,1107,912,1107,913,1109,916,1107,919,1106,915,1104,914,1103,915,1109,928,1111,910,972,910,972,904,1108,914,1101,911,972,905,969,910
84,2024-04-21 14:18:17.482398,2024-04-21 14:18:21.972846,1649,433,1647,431,1648,431,1648,433,1650,439,1640,431,1637,434,1634,433,1641,433,1658,429
88,2024-04-21 14:18:20.329882,2024-04-21 14:18:23.645180,975,579,975,583,976,586,978,584,978,582,978,583,979,580
95,2024-04-21 14:18:24.032403,2024-04-21 14:18:31.201236,1669,432,1665,429,1664,433,1655,433,1659,432,1658,429,1666,429,1667,428,1669,429,1666,427,1664,430,1669,428,1672,427,1673,429,1669,430
71,2024-04-21 14:18:03.471872,2024-04-21 14:18:39.260800,545,640,551,639,553,641,546,644,542,645,542,647,536,647,543,641,540,642,550,644,550,644,547,643,546,646,546,647,487,641,484,642,551,643,478,640,541,642,537,635,538,642,539,641,537,637,535,637,499,635,497,632,539,644,505,654,508,651,542,632,539,637,536,638,540,635,538,633,537,637,536,630,534,641,537,640,542,631,537,625,530,621,549,600,547,601,550,603,557,603,576,601,569,594,568,599,544,620,531,630,536,630,541,634,501,638,500,635,503,639,537,639,537,638,537,635,530,635,530,635,507,648,531,636,536,636,534,642,534,635,536,642,534,642,504,651,506,647,502,643,503,638,543,639,544,640,536,639,502,636,504,632,505,632,538,640,535,637,502,639,534,637,501,631,528,636,531,640,529,638,504,642,502,646,497,639,531,634,532,634,530,641,504,647,532,639,493,643,503,647,505,638,498,642,504,631,501,630,529,633,530,639,577,620,596,621,602,620,612,622,614,627,619,627,613,621,616,621,613,628,615,631,611,627,612,622,612,625,611,622,613,619,608,621,605,640,607,620,611,622,611,621,607,622,610,622,609,624,612,622,618,623,613,623,612,623,610,624,610,620,610,622,611,620,611,621,613,621,607,622,583,619,582,622,581,621
76,2024-04-21 14:18:08.026087,2024-04-21 14:18:47.633910,720,643,756,691,718,691,711,704,699,715,701,711,690,716,707,697,676,712,691,707,768,639,801,644,817,644,835,641,823,643,814,643,817,642,806,643,805,641,801,642,801,639,794,643,795,645,795,641,796,643,786,641,777,637,775,641,770,642,771,640,771,643,775,645,771,640,773,642,778,640,768,639,773,640,765,640,766,639,769,638,771,641,763,639,774,639,763,688,786,729,796,690,766,693,750,699,717,710,717,691,710,640,717,688,722,629,723,634,720,627,728,622,727,625,752,620,763,616,773,612,788,619,786,616,786,612,790,614,790,613,788,610,779,611,775,611,768,617,764,618,727,633,725,625,723,626,725,628,724,626,723,631,757,627,722,637,783,632,792,635,798,645,790,634,785,646,791,638,787,641,795,634,805,615,807,600,785,630,809,593,801,630,793,621,790,628,795,628,814,619,821,620,812,626,802,629,804,635,797,637,792,628,790,634,765,642,773,640,779,635,776,630,773,630,778,636,763,634,758,640,725,637,759,630,760,627,719,641,758,631,703,643,682,701,753,619,774,624,758,628,695,701,702,703,686,697,696,698,721,634,694,700,680,696,707,633,716,632,719,625,724,624,724,633,724,629,725,632,727,628,723,630,722,625,724,625,722,627,721,628,719,627,722,636,725,629,719,629,722,634,718,630,716,634,712,640,716,633,714,633,712,638,702,633,708,630,708,633,714,637,713,636,720,635,714,636,713,638,704,635,698,640,665,709,674,710,675,702,676,704,710,625,703,635,699,634,694,632
97,2024-04-21 14:18:26.442761,2024-04-21 14:18:47.847721,475,634,473,636,483,635,502,650,488,644,500,653,499,647,498,640,503,681,501,655,497,651,499,650,493,654,471,629,474,633,495,645,485,636,499,647,479,632,493,641,479,631,478,630,505,682,496,647,496,638,475,624,491,632,469,631,487,632,494,633,469,628,494,637,491,637,495,634,496,633,502,636,503,634,499,637,502,634,541,642,546,641,493,646,500,638,533,641,508,635,503,648,501,640,535,642,534,645,506,647,531,643,530,643,530,644,532,645,533,643,533,644,502,639,505,645,506,648,503,650,505,649,504,651,503,651,505,651,504,650,506,646,503,642,505,645,503,647,486,624,499,651,480,624,503,650,504,650,501,645,486,624,501,654,493,649,495,649,497,649,497,648,496,647
103,2024-04-21 14:18:46.244828,2024-04-21 14:18:49.437847,330,641,341,637,347,632,348,632,324,581,338,583,327,581
107,2024-04-21 14:18:47.633910,2024-04-21 14:18:58.304948,339,631,339,628,343,621,340,625,323,579,334,625,337,625,340,622,344,621,348,622,349,624,348,623,346,622,341,624,340,624,340,622,321,586,320,588,322,583,341,632,338,628,320,582,324,583,342,626,322,584,344,628,323,589,323,590,308,632
116,2024-04-21 14:18:56.038868,2024-04-21 14:19:00.447823,1060,615,1051,616,1047,601,1051,617,1050,623,1051,623,1063,693,1062,696
112,2024-04-21 14:18:51.180724,2024-04-21 14:19:01.536439,1376,482,1374,481,1368,479,1358,476,1366,478,1378,477,1385,477,1382,478,1378,479,1376,479,1376,478,1375,478,1374,480,1373,479,1373,479,1373,480,1372,479,1373,478,1372,480,1372,480,1372,478,1372,480,1371,480,1374,480,1371,478,1374,480,1373,480,1436,494
109,2024-04-21 14:18:49.437847,2024-04-21 14:19:01.729781,1743,725,1708,813,1725,735,1720,735,1728,732,1737,731,1713,818,1738,738,1716,815,1725,825,1743,744,1722,817,1729,816,1724,819,1744,742,1740,748,1747,745,1750,741,1730,816,1741,745,1735,817,1734,821,1741,814,1745,820,1742,819,1736,821,1723,739,1741,819,1734,820,1745,818,1733,819,1736,816,1734,821,1737,825,1738,822,1726,742,1737,826,1733,835,1740,829,1745,717
125,2024-04-21 14:19:01.167900,2024-04-21 14:19:03.540106,1392,918,1393,921,1396,929,1399,922
19,2024-04-21 14:17:00.493297,2024-04-21 14:19:05.135286,183,646,270,677,257,656,259,656,267,655,265,673,259,676,260,656,264,675,258,657,258,654,262,677,261,675,262,656,258,655,254,677,261,676,255,657,257,657,255,657,260,657,260,657,257,657,259,657,259,657,258,656,258,656,264,657,261,657,254,657,257,655,250,658,256,657,265,657,254,656,259,657,262,675,259,676,258,680,249,657,264,675,251,656,254,656,252,656,258,657,256,656,251,657,263,655,261,656,261,657,258,655,251,656,252,657,258,656,258,656,256,655,254,656,255,656,259,657,261,657,253,658,263,658,258,658,254,656,258,657,257,657,256,659,259,657,257,658,256,657,256,658,255,658,259,657,257,658,258,676,258,658,246,678,255,678,250,677,252,657,254,658,255,658,249,697,242,704,256,699,246,702,254,659,264,657,258,657,266,657,257,657,263,674,261,657,255,658,260,675,250,657,254,657,252,675,259,676,254,675,256,658,259,657,255,658,254,657,248,657,257,656,253,657,256,657,251,656,260,675,255,657,257,656,254,690,253,683,245,684,258,657,254,683,254,659,263,680,257,677,266,676,261,674,260,657,259,672,255,655,258,657,258,675,261,675,259,676,246,676,255,655,250,675,265,674,259,673,257,675,259,675,254,676,265,674,263,675,265,675,257,675,254,674,251,675,254,676,247,677,250,675,254,676,262,676,254,676,252,674,257,675,260,676,254,675,260,675,261,677,256,677,255,678,256,677,263,676,257,675,254,675,265,677,264,674,259,675,259,655,247,676,254,655,260,677,249,677,254,675,258,655,256,676,254,678,258,677,251,677,258,676,250,676,257,677,266,678,251,675,256,676,251,677,253,654,253,679,258,679,257,679,255,678,263,677,253,655,250,676,254,676,248,676,253,675,253,679,246,675,245,678,263,676,253,676,258,678,252,676,258,676,253,675,262,677,254,657,253,678,250,678,263,677,254,657,250,677,246,679,250,678,247,678,258,658,251,679,252,658,258,678,259,678,253,658,248,677,243,678,255,656,251,676,255,657,252,676,259,656,251,679,244,680,258,656,259,678,255,657,252,678,249,678,252,678,242,679,253,678,251,678,244,682,253,681,249,679,254,655,259,678,252,677,244,680,256,655,257,655,258,656,262,655,262,655,260,655,260,656,264,655,263,656,261,654,258,677,264,656,261,656,263,657,264,675,263,657,258,656,265,656,269,676,275,676,267,655,275,675,266,657,266,655,263,657,269,674,272,675,264,655,269,657,316,678,336,684,345,692,342,695,421,693,365,694,336,691,363,693,338,690,334,688,328,687,324,688,326,689,332,690,326,687,316,683,195,692,240,676,225,677,242,677,237,683,236,677,238,676,239,675,252,676,241,679,259,684,318,680,272,675,279,683,282,685,277,681,278,681,276,682,314,686,274,681,272,653,278,652,277,654,261,591,277,654,277,674,273,675,264,676,249,678,251,677,253,679,245,681,249,680,241,682,248,680,266,682,275,688,274,696,268,700,272,699,246,692,248,693,265,696,272,691,274,691,252,692,316,688,279,683,269,680,324,739,255,733,266,695,254,680,262,655,251,677,266,683,256,674,258,655,269,657,268,659,254,656,249,655,244,655,246,656,250,654,247,656,250,656,244,657,244,656,239,682,245,658,240,656,241,658,243,657,245,658,249,659,245,658,243,658,252,658,247,657,243,658,249,658,247,658,246,659,243,659,234,684,241,658,239,683,236,684,247,658,244,658,236,682,244,659,247,658,249,659,236,685,234,676,250,677,251,678,259,657,258,674,247,674,243,674,246,676,244,673,249,674,252,673,252,673,253,677,255,676,247,678,252,678,252,674,248,674,246,674,256,676,258,675,247,676,248,679,266,674,258,675,252,676,249,675,248,675,253,677,262,677,253,675,256,677,259,680,250,678,255,674,261,675,261,675,266,675,257,675,252,677,264,676,262,676,267,676,260,678,264,678,260,676,261,679,261,678,254,677,257,677,251,676,271,656,251,652,243,648,240,642,253,651,262,645,268,648,259,648,266,650,267,653,269,652,270,654,269,654,265,653,270,652,260,653,262,649,269,645,262,647,263,653,268,652,254,655,253,650,262,657,261,653,254,656,263,655,259,655,267,656,268,657,263,658,266,656,262,657,263,656,264,654,262,656,260,657,259,656,260,656,265,655,258,655,263,655,271,656,257,655,250,675,257,658,245,674,247,659,248,674,228,650,173,632,126,637,130,639,122,640,128,637,127,641,130,640,128,638,130,639,128,637,127,639,129,635,126,637,128,634,131,636,130,633,128,639,129,638,128,635,126,643,115,677,128,640,118,676,129,642,128,642,132,642,131,637,131,637,133,639,133,638,133,638,133,641,121,647,129,644,131,641,129,628,125,611,171,632,189,634,185,637,183,635,166,638,133,630,169,635,116,635,123,638,129,635,124,643,127,635,128,633,128,632,122,647,124,635,127,642,122,633,134,644,133,642,124,635,132,640,131,636,125,640,121,646,124,644,117,645,123,646,124,643,117,645,117,650,125,644,115,647,113,649,121,647,125,643,121,644,114,643,119,649,121,647,121,641
127,2024-04-21 14:19:02.252998,2024-04-21 14:19:05.135286,1052,646,1052,645,1057,648,1053,649,1055,648,1054,641
96,2024-04-21 14:18:24.222868,2024-04-21 14:19:05.966100,1115,838,1123,838,1116,848,1113,845,1116,841,1113,839,1115,840,1109,844,1116,840,1109,845,1119,847,1120,847,1103,912,1114,845,1114,845,1115,845,1109,910,1119,845,1125,843,1110,912,1109,907,1121,831,1116,832,1116,836,1123,840,1107,924,1119,846,962,910,1117,849,1096,920,1110,844,1111,840,1111,844,1121,839,1120,842,1113,847,1108,839,1117,851,1118,849,1116,842,1120,842,965,910,1109,915,1108,913,1109,842,1095,840,965,917,966,914,965,911,964,915,962,920,961,915,964,915,1103,833,981,836,1108,845,1111,848,1111,847,1102,842,980,836,985,838,1106,852,1108,910,1113,849,1120,842,1125,837,1119,838,1122,832,1129,838,1246,729,1127,835,1250,726,1127,835,1122,833,1125,834,1133,835,1137,835,1128,837,1129,841,1127,835,1125,839,1121,833,1245,629,1128,832,1132,829,1133,832,1135,837,1137,832,1139,845,1135,833,1112,836,1110,829,1106,837,688,836,694,832,684,837,693,832,692,837,700,829,699,831,691,832,694,830,700,836,702,833,702,836,703,834,699,838,694,834,698,838,692,835,694,835,689,837,689,838,687,836,686,836,804,851,811,909,809,920,811,916,812,912,684,845,670,841,810,919,678,846,678,846,681,839,674,847,680,832,808,904,811,909,802,901,802,908,801,904,802,907,799,906,806,908,805,907,805,901,805,905,804,902,804,898,805,902,797,904,805,906,802,910,806,917,675,911,809,912,675,851,953,927,956,924,956,925,810,913,802,914,550,848,400,842,409,835,404,830
133,2024-04-21 14:19:04.234638,2024-04-21 14:19:08.299628,747,642,748,641,747,639,728,623,748,641,748,639,748,639,730,626,748,640,748,644,749,638
138,2024-04-21 14:19:07.418024,2024-04-21 14:19:10.979914,171,598,173,604,168,600,171,605,173,597,171,600,179,595
141,2024-04-21 14:19:12.304812,2024-04-21 14:19:15.300066,1574,962,1557,950,1558,949,1560,950,1559,949,1561,949,1523,728,1540,956
134,2024-04-21 14:19:04.576491,2024-04-21 14:19:15.445091,402,827,399,834,405,828,402,832,415,838,403,849,400,840,402,846,526,841,399,846,415,852,417,850,411,844,508,845,512,839,506,834,507,835,505,837,510,842,407,845,407,847,516,908,512,915
142,2024-04-21 14:19:13.880793,2024-04-21 14:19:17.905532,698,600,706,617,706,617,695,599,693,596,694,595,694,598,696,600,711,618,698,599,702,596
143,2024-04-21 14:19:14.321398,2024-04-21 14:19:21.311379,675,927,673,931,674,937,673,928,676,929,673,933,671,931,664,920,665,913,673,925,404,831,399,843,396,841,397,845,514,900,675,835,681,915,678,920
158,2024-04-21 14:19:21.639305,2024-04-21 14:19:24.937609,811,912,813,915,814,914,817,926,817,918,815,915,817,925,672,912,812,921
152,2024-04-21 14:19:19.277898,2024-04-21 14:19:27.832446,165,595,169,612,175,602,175,597,175,609,178,612,184,605,179,609,177,620,191,627,209,622,196,628,193,625,194,635,180,631,179,630,179,623,186,628,181,614,170,636,180,616,173,632,171,625,166,631,174,615,175,614,176,611,197,610,177,603,161,599,165,599,142,624,164,589,165,591,163,601
150,2024-04-21 14:19:18.160098,2024-04-21 14:19:31.144358,1409,828,1385,909,1392,829,1390,834,1531,738,1563,933,1566,950,1555,955,1553,944,1714,624,1708,628,1531,838,1693,627,1528,736,1532,725,1538,730,1536,727,1530,730,1525,733,1525,842,1523,846,1534,727,1524,733,1561,957,1568,960,1564,946,1565,948,1561,950,1570,958,1584,933,1582,947
161,2024-04-21 14:19:25.501663,2024-04-21 14:19:31.650804,811,929,686,916,811,922,811,918,810,916,812,916,810,917,812,921,811,917,812,919,814,915,813,919,816,920,817,930
170,2024-04-21 14:19:29.886637,2024-04-21 14:19:32.316954,170,588,184,585,196,593,187,596,195,585
169,2024-04-21 14:19:29.597528,2024-04-21 14:19:41.263823,1125,524,1126,526,1129,529,1124,527,1118,527,1118,527,1120,530,1122,534,1124,535,1132,536,1140,538,1141,538,1139,538,1139,538,1138,537,1138,537,1141,537,1141,537,1140,538,1141,537,1142,537,1143,537,1141,537,1139,536,1139,538,1139,538,1140,537,1139,536,1139,538,1138,538,1140,538,1138,539,1138,538,1140,539,1139,538,1140,539,1139,539,1139,539,1138,538,1138,539,1139,539,1142,539,1142,539,1138,539,1141,538,1140,539,1139,538,1142,539,1140,539,1140,539,1139,538,1141,539,1141,539,1141,539,1140,538,1140,538,1141,539
166,2024-04-21 14:19:28.294012,2024-04-21 14:19:42.661352,1523,747,1566,740,1577,742,1598,742,1583,746,1554,753,1532,735,1534,732,1539,725,1547,714,1539,710,1547,706,1564,704,1553,700,1553,698,1550,703,1554,712,1554,722,1548,731,1557,735,1554,732,1551,735,1557,736,1557,739,1554,739,1557,736,1560,737,1558,737,1557,740,1554,740,1558,739,1551,739,1557,737,1555,738,1554,736,1547,739,1542,739,1535,741,1529,740,1520,741,1516,742,1520,743,1527,741,1536,731,1566,728,1563,726,1567,725,1583,726,1588,729,1593,727,1584,728,1580,726,1591,720,1607,717,1604,712,1610,727,1657,739,1661,741,1656,739,1608,727,1656,744,1647,741,1647,747,1651,742,1658,742,1693,723,1735,712,1783,696,1818,679,1806,681
179,2024-04-21 14:19:40.014797,2024-04-21 14:19:44.230055,107,575,96,591,124,598,172,619,265,632,312,629,311,630,313,624,309,631,311,629,309,633,285,626
183,2024-04-21 14:19:40.816154,2024-04-21 14:19:44.230055,1481,496,1519,492,1519,492,1519,492,1517,491,1513,491,1516,490,1502,488
185,2024-04-21 14:19:42.446575,2024-04-21 14:19:44.878732,273,579,271,577,254,576
187,2024-04-21 14:19:42.661352,2024-04-21 14:19:45.482841,769,583,722,590,710,586,702,584,617,586
188,2024-04-21 14:19:43.053837,2024-04-21 14:19:46.690164,1835,686,1804,695,1798,696,1793,696,1798,693,1796,697,1797,697,1795,696,1801,689
195,2024-04-21 14:19:46.471036,2024-04-21 14:19:50.539614,391,471,395,472,392,475,393,475,408,475
191,2024-04-21 14:19:44.018138,2024-04-21 14:19:51.528206,1355,514,1359,516,1359,516,1360,517,1358,515,1360,516,1357,515,1358,516,1357,516,1357,515,1358,516,1358,514,1358,514,1358,514,1357,515,1359,513,1358,513,1358,515,1356,514,1357,513,1357,515,1360,514
175,2024-04-21 14:19:38.114397,2024-04-21 14:19:52.738680,129,640,130,639,132,628,136,626,167,605,164,611,172,608,175,612,180,619,185,621,344,619,401,630,416,636,490,640,534,640,531,642,534,642,528,642,528,641,546,639,571,622,546,605,513,611,404,616,377,509,391,607,404,632,409,632,413,628,405,629,392,634,353,632,350,632,353,627,356,638,354,637,363,638,138,644
181,2024-04-21 14:19:40.613465,2024-04-21 14:19:53.168140,959,909,1101,904,1102,900,1104,904,1106,907,817,915,816,914,1101,906,1103,906,961,910,1097,909,816,913,1107,919,1114,937,809,851,802,922,671,908,960,908,665,912,665,913,799,914,804,914,665,912,807,912,806,909,669,909,670,910,809,917,803,857,815,852,816,850,820,848,821,840,832,843,829,840,821,844
205,2024-04-21 14:19:50.539614,2024-04-21 14:19:53.644811,1616,473,1616,466,1581,477,1547,479
212,2024-04-21 14:19:51.297424,2024-04-21 14:19:54.534240,1684,457,1615,448,1580,450,1560,456,1532,454
214,2024-04-21 14:19:52.007519,2024-04-21 14:19:54.934890,381,597,382,596,341,626,335,628
216,2024-04-21 14:19:52.250910,2024-04-21 14:19:56.082852,1737,453,1660,456,1648,468,1610,465,1580,450,1558,462,1556,464,1529,469,1442,471
204,2024-04-21 14:19:50.539614,2024-04-21 14:19:56.268911,1413,478,1412,475,1410,476,1393,478,1390,479,1393,479,1390,480,1391,477,1437,465,1414,461,1412,466,1395,467,1392,468,1389,476,1391,476,1392,474
219,2024-04-21 14:19:53.644811,2024-04-21 14:19:56.268911,1189,471,1190,466,1188,466,1157,462
213,2024-04-21 14:19:51.528206,2024-04-21 14:19:56.994013,541,570,551,573,549,576,542,581,552,574,556,572,559,578,537,580,532,577,533,579,533,578,534,582
218,2024-04-21 14:19:53.168140,2024-04-21 14:19:57.604004,389,622,391,623,390,621,396,624,395,627,393,597,398,594,407,598,417,616,431,615,456,633,458,622
192,2024-04-21 14:19:44.018138,2024-04-21 14:19:59.898368,130,598,121,618,128,598,169,578,122,596,168,588,126,597,118,586,124,590,121,591,119,591,123,595,124,597,121,596,124,596,130,599,131,599,127,598,125,597,123,695,166,697,174,704,176,699,220,637,216,644,220,636,208,630,197,633,175,684,180,686,130,687,132,687,170,686,169,690,177,698,171,702,173,702,178,693,173,696,176,698,183,690,186,687,172,689,174,693,172,696,170,692,195,690,200,688,178,696,176,694,173,698,185,692,180,691,177,695,126,647,131,648
228,2024-04-21 14:19:57.178426,2024-04-21 14:20:01.273949,582,538,575,567,584,540,585,540,602,537,604,532,609,533,623,541
227,2024-04-21 14:19:56.994013,2024-04-21 14:20:04.065380,427,626,401,594,399,590,398,592,395,593,396,593,396,594,398,593,400,594,400,595,402,596,406,594,402,599,404,596,402,597,403,594,399,593,400,593,397,590,397,595,403,591
245,2024-04-21 14:20:06.037885,2024-04-21 14:20:08.618200,577,619,577,622,575,622,578,623
248,2024-04-21 14:20:10.094948,2024-04-21 14:20:12.356773,501,629,500,628,500,632
242,2024-04-21 14:20:04.668721,2024-04-21 14:20:12.549802,651,630,648,627,644,625,649,630,647,625,647,627,643,626,639,628,640,629,636,631,643,626,638,630,631,629,645,634,643,633,636,623,631,623
252,2024-04-21 14:20:15.680319,2024-04-21 14:20:17.980774,1730,425,1718,422,1720,421
235,2024-04-21 14:19:59.487184,2024-04-21 14:20:20.928076,535,735,535,716,526,714,540,711,536,714,535,715,535,699,533,691,534,691,520,686,520,690,530,633,537,633,521,691,521,693,534,726,622,732,684,732,658,735,676,739,664,732,676,725,699,726,712,721,707,704,718,699,745,695,720,724,724,710,723,701,720,707,725,713,725,698,750,693,780,638,789,639,785,639,780,638,759,690,748,694,723,713,703,728,677,726,698,727,698,730,683,736,656,736,661,729,672,725,699,721,669,727,662,726,684,723,683,714,659,732,635,722,641,723,643,722,648,719,642,723,641,722,636,728,634,728,638,722,644,725,645,718,645,718,653,713,650,716,646,713,669,715,676,712,699,714,693,715,669,722,686,726,685,723,694,720,679,723,678,725,654,727,653,726,532,687,605,642
260,2024-04-21 14:20:20.302294,2024-04-21 14:20:28.600139,707,731,714,718,706,717,695,703,705,712,714,713,706,709,699,719,698,718,684,732,677,731,679,735,677,727,694,709,720,706,720,712,717,709,754,707,755,700,759,700,751,703,749,702,748,705,747,715,705,716,687,730,661,716,702,733
263,2024-04-21 14:20:27.222451,2024-04-21 14:20:30.893730,752,695,754,700,751,700,701,714,710,810
269,2024-04-21 14:20:30.698045,2024-04-21 14:20:33.319015,712,804,713,807,710,811,707,814
